{
  "assets": {
    "container": {
      "docker": {
        "99852a4a1a6e": "docker.io/mesosphere/chronos:chronos-2.4.0-0.1.20150828104228.ubuntu1404-mesos-0.23.0-1.0.ubuntu1404"
      }
    }
  },
  "images": {
    "icon-small": "https://downloads.mesosphere.com/chronos/assets/icon-service-chronos-small.png",
    "icon-medium": "https://downloads.mesosphere.com/chronos/assets/icon-service-chronos-medium.png",
    "icon-large": "https://downloads.mesosphere.com/chronos/assets/icon-service-chronos-large.png"
  }
}
