{
  "assets": {
    "uris": {
      "spark-notebook-0-6-2-scala-2-10-4-spark-1-5-0-hadoop-2-5-0-tgz": "https://s3.eu-central-1.amazonaws.com/spark-notebook/tgz/spark-notebook-0.6.2-scala-2.10.4-spark-1.5.0-hadoop-2.5.0-cdh5.3.3-with-hive-with-parquet.tgz",
      "jre-7u76-linux-x64-tar-gz": "https://downloads.mesosphere.com/java/jre-7u76-linux-x64.tar.gz"
    }
  },
  "images": {
    "icon-medium": "https://downloads.mesosphere.io/spark/assets/icon-service-spark-medium.png",
    "icon-small": "https://downloads.mesosphere.io/spark/assets/icon-service-spark-small.png",
    "icon-large": "https://downloads.mesosphere.io/spark/assets/icon-service-spark-large.png"
  }
}
