{
  "packages":[
    {
      "currentVersion":"0.3.0",
      "description":"A distributed free and open-source database with a flexible data model for documents, graphs, and key-values. Build high performance applications using a convenient SQL-like query language or JavaScript extensions.",
      "framework":true,
      "name":"arangodb",
      "selected":true,
      "tags":[
        "arangodb",
        "NoSQL",
        "database",
        "framework"
      ],
      "versions":{
        "0.2.1":"0",
        "0.3.0":"1"
      }
    },
    {
      "currentVersion":"0.2.0-2",
      "description":"Apache Cassandra running on Apache Mesos",
      "framework":true,
      "name":"cassandra",
      "selected":true,
      "tags":[
        "data",
        "database",
        "nosql"
      ],
      "versions":{
        "0.2.0-1":"0",
        "0.2.0-2":"1"
      }
    },
    {
      "currentVersion":"2.4.0",
      "description":"A fault tolerant job scheduler for Mesos which handles dependencies and ISO8601 based schedules.",
      "framework":true,
      "name":"chronos",
      "selected":true,
      "tags":[
        "cron",
        "analytics",
        "batch"
      ],
      "versions":{
        "2.4.0":"0"
      }
    },
    {
      "currentVersion":"0.1.0",
      "description":"A Mesos Framework that allows running and resizing one or multiple Crate database clusters.",
      "framework":true,
      "name":"crate",
      "selected":false,
      "tags":[
        "database",
        "distributed",
        "nosql"
      ],
      "versions":{
        "0.1.0":"0"
      }
    },
    {
      "currentVersion":"5.4.3",
      "description":"Cloud-scale monitoring",
      "framework":false,
      "name":"datadog",
      "selected":false,
      "tags":[
        "datadog",
        "monitoring"
      ],
      "versions":{
        "5.4.3":"0"
      }
    },
    {
      "currentVersion":"0.7.0",
      "description":"DCOS implementation of the Mesos-Elasticsearch framework",
      "framework":true,
      "name":"elasticsearch",
      "selected":false,
      "tags":[
        "dcos",
        "mesos",
        "framework",
        "elasticsearch",
        "elastic"
      ],
      "versions":{
        "0.7.0":"0"
      }
    },
    {
      "currentVersion":"0.0.2",
      "description":"A distributed consistent key-value store for shared configuration and service discovery.",
      "framework":true,
      "name":"etcd",
      "selected":false,
      "tags":[
        "mesosphere",
        "framework",
        "consensus"
      ],
      "versions":{
        "0.0.2":"0"
      }
    },
    {
      "currentVersion":"0.8.1",
      "description":"ZooKeeper co-process for instance monitoring, backup/recovery, cleanup and visualization.",
      "framework":false,
      "name":"exhibitor",
      "selected":false,
      "tags":[
        "zookeeper"
      ],
      "versions":{
        "0.8.1":"0"
      }
    },
    {
      "currentVersion":"0.1.8",
      "description":"Hadoop Distributed File System (HDFS), Highly Available",
      "framework":true,
      "name":"hdfs",
      "selected":false,
      "tags":[
        "filesystem",
        "hadoop",
        "analytics"
      ],
      "versions":{
        "0.1.7":"0",
        "0.1.8":"1"
      }
    },
    {
      "currentVersion":"0.0.1",
      "description":"Hue Web Interface to Hadoop",
      "framework":false,
      "name":"hue",
      "selected":false,
      "tags":[
        "mesosphere",
        "hadoop",
        "filesystem",
        "hdfs"
      ],
      "versions":{
        "0.0.1":"0"
      }
    },
    {
      "currentVersion":"0.2.3",
      "description":"Jenkins is an award-winning, cross-platform, continuous integration and continuous delivery application that increases your productivity. Use Jenkins to build and test your software projects continuously making it easier for developers to integrate changes to the project, and making it easier for users to obtain a fresh build. It also allows you to continuously deliver your software by providing powerful ways to define your build pipelines and integrating with a large number of testing and deployment technologies.",
      "framework":true,
      "name":"jenkins",
      "selected":true,
      "tags":[
        "mesosphere",
        "framework",
        "continuous-integration",
        "ci",
        "jenkins"
      ],
      "versions":{
        "0.1.3":"0",
        "0.1.4":"1",
        "0.2.0":"2",
        "0.2.1":"4",
        "0.2.2":"5",
        "0.2.3":"7"
      }
    },
    {
      "currentVersion":"0.9.4.0",
      "description":"Apache Kafka running on top of Apache Mesos",
      "framework":true,
      "name":"kafka",
      "selected":true,
      "tags":[
        "message",
        "broker",
        "messaging"
      ],
      "versions":{
        "0.9.2.0":"0",
        "0.9.4.0":"3"
      }
    },
    {
      "currentVersion":"v0.7.2-v1.1.5-alpha",
      "description":"Kubernetes is an open source system for managing containerized applications across multiple hosts, providing basic mechanisms for deployment, maintenance, and scaling of applications.",
      "framework":true,
      "name":"kubernetes",
      "selected":false,
      "tags":[
        "mesosphere",
        "framework",
        "pod",
        "label",
        "paas"
      ],
      "versions":{
        "v0.7.2-v1.1.5-alpha":"0"
      }
    },
    {
      "currentVersion":"0.15.3",
      "description":"A cluster-wide init and control system for services in cgroups or Docker containers.",
      "framework":true,
      "name":"marathon",
      "selected":true,
      "tags":[
        "init",
        "long-running"
      ],
      "versions":{
        "0.11.1":"0",
        "0.15.3":"1"
      }
    },
    {
      "currentVersion":"0.0.5-0.1",
      "description":"HAProxy configured using Marathon state",
      "framework":false,
      "name":"marathon-lb",
      "selected":false,
      "tags":[
        "loadbalancer",
        "service-discovery",
        "reverse-proxy",
        "proxy",
        "haproxy"
      ],
      "versions":{
        "0.0.3-0.1":"0",
        "0.0.4-0.1":"1",
        "0.0.5-0.1":"2"
      }
    },
    {
      "currentVersion":"0.0.1",
      "description":"MemSQL running on Apache Mesos. This framework provides the ability to create and manage a set of MemSQL clusters, each running with the MemSQL Ops management tool.",
      "framework":true,
      "name":"memsql",
      "selected":false,
      "tags":[
        "mysql",
        "database",
        "rdbms"
      ],
      "versions":{
        "0.0.1":"0"
      }
    },
    {
      "currentVersion":"0.0.1",
      "description":"Redis is the fastest in-memory KV-Cache and Datatstructure store",
      "framework":true,
      "name":"mr-redis",
      "selected":false,
      "tags":[
        "mesos",
        "framework",
        "inmemory",
        "redis"
      ],
      "versions":{
        "0.0.1":"0"
      }
    },
    {
      "currentVersion":"0.0.0-0.1",
      "description":"Your private path to access network resources and services securely: Server service",
      "framework":false,
      "name":"openvpn",
      "selected":false,
      "tags":[
        "vpn",
        "remote-access"
      ],
      "versions":{
        "0.0.0-0.1":"0"
      }
    },
    {
      "currentVersion":"0.0.0-0.1",
      "description":"Your private path to access network resources and services securely: Admin service.",
      "framework":false,
      "name":"openvpn-admin",
      "selected":false,
      "tags":[
        "vpn",
        "remote-access"
      ],
      "versions":{
        "0.0.0-0.1":"0"
      }
    },
    {
      "currentVersion":"1.2",
      "description":"Quobyte is a software defined and fault tolerant distributed file system running on commodity hardware.",
      "framework":true,
      "name":"quobyte",
      "selected":false,
      "tags":[
        "storage",
        "filesystem",
        "bigdata"
      ],
      "versions":{
        "1.2":"0"
      }
    },
    {
      "currentVersion":"0.1.1",
      "description":"A distributed NoSQL key-value data store that offers high availability, fault tolerance, operational simplicity, and scalability.",
      "framework":true,
      "name":"riak",
      "selected":false,
      "tags":[
        "mesosphere",
        "framework",
        "database",
        "riak"
      ],
      "versions":{
        "0.1.1":"0"
      }
    },
    {
      "currentVersion":"1.6.0",
      "description":"Spark is a fast and general cluster computing system for Big Data",
      "framework":true,
      "name":"spark",
      "selected":true,
      "tags":[
        "bigdata",
        "mapreduce",
        "batch",
        "analytics"
      ],
      "versions":{
        "1.5.0-multi-roles-v2":"0",
        "1.6.0":"4"
      }
    },
    {
      "currentVersion":"0.0.1",
      "description":"Spark Notebook package for DCOS",
      "framework":true,
      "name":"spark-notebook",
      "selected":false,
      "tags":[
        "spark",
        "notebook",
        "spark-notebook",
        "interactive",
        "big-data",
        "bigdata",
        "apachespark",
        "datafellas",
        "data-fellas"
      ],
      "versions":{
        "0.0.1":"0"
      }
    },
    {
      "currentVersion":"0.1.0",
      "description":"Storm is a stream processing framework.",
      "framework":true,
      "name":"storm",
      "selected":false,
      "tags":[
        "mesosphere",
        "framework",
        "storm"
      ],
      "versions":{
        "0.1.0":"0"
      }
    },
    {
      "currentVersion":"0.4.0",
      "description":"Swarm is a Docker-native clustering system.",
      "framework":true,
      "name":"swarm",
      "selected":false,
      "tags":[
        "mesosphere",
        "framework",
        "docker"
      ],
      "versions":{
        "0.4.0":"0"
      }
    },
    {
      "currentVersion":"0.5.6",
      "description":"Zeppelin is a web-based notebook that enables interactive data analytics",
      "framework":true,
      "name":"zeppelin",
      "selected":false,
      "tags":[
        "nflabs",
        "framework",
        "bigdata",
        "spark",
        "notebook",
        "interactive"
      ],
      "versions":{
        "0.5.6":"1"
      }
    }
  ],
  "version":"2.0.0-rc2"
}