{
  "images": {
    "icon-small": "http://www.quobyte.com/mesos/icon-quobyte-small.png",
    "icon-medium": "http://www.quobyte.com/mesos/icon-quobyte-medium.png",
    "icon-large": "http://www.quobyte.com/mesos/icon-quobyte-large.png",
    "screenshots": [
      "http://www.quobyte.com/mesos/screen-1.png",
      "http://www.quobyte.com/mesos/screen-2.png",
      "http://www.quobyte.com/mesos/screen-3.png"
    ]
  },
  "assets": {
    "container": {
      "docker": {
        "f8c203e427cc": "quobyte/quobyte-mesos",
        "f304cf7ccc31": "kubermatic/quobyte-server:1.2.7"
      }
    }
  }
}
